Workbook

Sheet Read Me
A1: Weekly hours by developer and task — 3 Aug to 17 Sep 2026
A4: What this is | B4: Every task each person logged time against, week by week, with hours from BOTH sources side by side so you can judge which is right.
A6: The two sources
A7: Timer h | B7: Started and stopped the in-app timer. Source = 'timer'.
A8: Manual h | B8: Typed into the timesheet by hand afterwards. Source = 'manual'. Counted in 'Timer total' but shown separately — it is a claim, not a measurement.
A9: Standup h | B9: 'Minutes spent' typed into the daily standup form.
A10: Difference | B10: Standup minus Timer total. Positive = they claimed more in standup than the timer recorded.
A12: Totals | B12: Timed 939h 24m + Manually typed 103h 37m = 1,043h 01m. Standup 1,468h 40m. Gap = 425h 39m.
A13: Time format | B13: Shown as hours and minutes, e.g. 41h 30m. These are real time values, so they still add up correctly. The Difference column is text with a + or - sign, because Excel cannot display a negative time.
A15: READ THIS BEFORE JUDGING
A16: 1. The gap is mostly unlinked standups | B16: 506h 26m of standup time (34%) was typed as free text with no task attached, so it cannot be matched to any task. Excluding it, standup = 962h 14m against timer 1,043h 01m — the timer is actually HIGHER, by 80h 47m, on comparable work.
A17: 2. Different populations | B17: 14 people used the timer; only 10 submitted standups. A person missing from one source is not idle, just unrecorded there.
A18: 3. Standups are a self-estimate | B18: Typed once a day from memory, usually rounded to the hour. Timers are measured but only if started.
A19: 4. Five timers were left running | B19: Excluded — no end time, so no duration. Real timer hours are slightly higher than shown.
A20: 5. Weeks are Mon–Sun, Asia/Karachi | B20: Week 1 starts Mon 3 Aug. 1–2 Aug were a weekend with no logged time, so nothing is missing.
A22: Sheets
A23: Summary | B23: Service x week, both sources, with the gap.
A24: By Developer | B24: Each person, week by week, both sources.
A25: Development / Design / Marketing | B25: Task-level detail for that service only.
A26: Other Services | B26: SEO, Support and Content Creation.
A27: Unlinked Standup | B27: The 506.4h with no task — the main thing to fix.
A28: Data | B28: Every row, filterable. All summaries calculate from this sheet.
A30: Note | B30: One task description in the database (Oasis Fertility 'Website Migration') contained a hosting email and plaintext password. It is redacted here, but it is still stored in the database.

Sheet Summary
A1: Hours by service and week
A3: Service | B3: Source | C3: Wk1 03 Aug–09 Aug | D3: Wk2 10 Aug–16 Aug | E3: Wk3 17 Aug–23 Aug | F3: Wk4 24 Aug–30 Aug | G3: Wk5 31 Aug–06 Sep | H3: Wk6 07 Sep–13 Sep | I3: Wk7 14 Sep–20 Sep | J3: TOTAL
A4: Development | B4: Timer total | C4: =SUMIFS(Data!$L$2:$L$320,Data!$C$2:$C$320,$A4,Data!$A$2:$A$320,"2026-08-03") | D4: =SUMIFS(Data!$L$2:$L$320,Data!$C$2:$C$320,$A4,Data!$A$2:$A$320,"2026-08-10") | E4: =SUMIFS(Data!$L$2:$L$320,Data!$C$2:$C$320,$A4,Data!$A$2:$A$320,"2026-08-17") | F4: =SUMIFS(Data!$L$2:$L$320,Data!$C$2:$C$320,$A4,Data!$A$2:$A$320,"2026-08-24") | G4: =SUMIFS(Data!$L$2:$L$320,Data!$C$2:$C$320,$A4,Data!$A$2:$A$320,"2026-08-31") | H4: =SUMIFS(Data!$L$2:$L$320,Data!$C$2:$C$320,$A4,Data!$A$2:$A$320,"2026-09-07") | I4: =SUMIFS(Data!$L$2:$L$320,Data!$C$2:$C$320,$A4,Data!$A$2:$A$320,"2026-09-14") | J4: =SUM(C4:I4)
B5: Standup | C5: =SUMIFS(Data!$M$2:$M$320,Data!$C$2:$C$320,$A4,Data!$A$2:$A$320,"2026-08-03") | D5: =SUMIFS(Data!$M$2:$M$320,Data!$C$2:$C$320,$A4,Data!$A$2:$A$320,"2026-08-10") | E5: =SUMIFS(Data!$M$2:$M$320,Data!$C$2:$C$320,$A4,Data!$A$2:$A$320,"2026-08-17") | F5: =SUMIFS(Data!$M$2:$M$320,Data!$C$2:$C$320,$A4,Data!$A$2:$A$320,"2026-08-24") | G5: =SUMIFS(Data!$M$2:$M$320,Data!$C$2:$C$320,$A4,Data!$A$2:$A$320,"2026-08-31") | H5: =SUMIFS(Data!$M$2:$M$320,Data!$C$2:$C$320,$A4,Data!$A$2:$A$320,"2026-09-07") | I5: =SUMIFS(Data!$M$2:$M$320,Data!$C$2:$C$320,$A4,Data!$A$2:$A$320,"2026-09-14") | J5: =SUM(C5:I5)
A6: Design | B6: Timer total | C6: =SUMIFS(Data!$L$2:$L$320,Data!$C$2:$C$320,$A6,Data!$A$2:$A$320,"2026-08-03") | D6: =SUMIFS(Data!$L$2:$L$320,Data!$C$2:$C$320,$A6,Data!$A$2:$A$320,"2026-08-10") | E6: =SUMIFS(Data!$L$2:$L$320,Data!$C$2:$C$320,$A6,Data!$A$2:$A$320,"2026-08-17") | F6: =SUMIFS(Data!$L$2:$L$320,Data!$C$2:$C$320,$A6,Data!$A$2:$A$320,"2026-08-24") | G6: =SUMIFS(Data!$L$2:$L$320,Data!$C$2:$C$320,$A6,Data!$A$2:$A$320,"2026-08-31") | H6: =SUMIFS(Data!$L$2:$L$320,Data!$C$2:$C$320,$A6,Data!$A$2:$A$320,"2026-09-07") | I6: =SUMIFS(Data!$L$2:$L$320,Data!$C$2:$C$320,$A6,Data!$A$2:$A$320,"2026-09-14") | J6: =SUM(C6:I6)
B7: Standup | C7: =SUMIFS(Data!$M$2:$M$320,Data!$C$2:$C$320,$A6,Data!$A$2:$A$320,"2026-08-03") | D7: =SUMIFS(Data!$M$2:$M$320,Data!$C$2:$C$320,$A6,Data!$A$2:$A$320,"2026-08-10") | E7: =SUMIFS(Data!$M$2:$M$320,Data!$C$2:$C$320,$A6,Data!$A$2:$A$320,"2026-08-17") | F7: =SUMIFS(Data!$M$2:$M$320,Data!$C$2:$C$320,$A6,Data!$A$2:$A$320,"2026-08-24") | G7: =SUMIFS(Data!$M$2:$M$320,Data!$C$2:$C$320,$A6,Data!$A$2:$A$320,"2026-08-31") | H7: =SUMIFS(Data!$M$2:$M$320,Data!$C$2:$C$320,$A6,Data!$A$2:$A$320,"2026-09-07") | I7: =SUMIFS(Data!$M$2:$M$320,Data!$C$2:$C$320,$A6,Data!$A$2:$A$320,"2026-09-14") | J7: =SUM(C7:I7)
A8: Marketing | B8: Timer total | C8: =SUMIFS(Data!$L$2:$L$320,Data!$C$2:$C$320,$A8,Data!$A$2:$A$320,"2026-08-03") | D8: =SUMIFS(Data!$L$2:$L$320,Data!$C$2:$C$320,$A8,Data!$A$2:$A$320,"2026-08-10") | E8: =SUMIFS(Data!$L$2:$L$320,Data!$C$2:$C$320,$A8,Data!$A$2:$A$320,"2026-08-17") | F8: =SUMIFS(Data!$L$2:$L$320,Data!$C$2:$C$320,$A8,Data!$A$2:$A$320,"2026-08-24") | G8: =SUMIFS(Data!$L$2:$L$320,Data!$C$2:$C$320,$A8,Data!$A$2:$A$320,"2026-08-31") | H8: =SUMIFS(Data!$L$2:$L$320,Data!$C$2:$C$320,$A8,Data!$A$2:$A$320,"2026-09-07") | I8: =SUMIFS(Data!$L$2:$L$320,Data!$C$2:$C$320,$A8,Data!$A$2:$A$320,"2026-09-14") | J8: =SUM(C8:I8)
B9: Standup | C9: =SUMIFS(Data!$M$2:$M$320,Data!$C$2:$C$320,$A8,Data!$A$2:$A$320,"2026-08-03") | D9: =SUMIFS(Data!$M$2:$M$320,Data!$C$2:$C$320,$A8,Data!$A$2:$A$320,"2026-08-10") | E9: =SUMIFS(Data!$M$2:$M$320,Data!$C$2:$C$320,$A8,Data!$A$2:$A$320,"2026-08-17") | F9: =SUMIFS(Data!$M$2:$M$320,Data!$C$2:$C$320,$A8,Data!$A$2:$A$320,"2026-08-24") | G9: =SUMIFS(Data!$M$2:$M$320,Data!$C$2:$C$320,$A8,Data!$A$2:$A$320,"2026-08-31") | H9: =SUMIFS(Data!$M$2:$M$320,Data!$C$2:$C$320,$A8,Data!$A$2:$A$320,"2026-09-07") | I9: =SUMIFS(Data!$M$2:$M$320,Data!$C$2:$C$320,$A8,Data!$A$2:$A$320,"2026-09-14") | J9: =SUM(C9:I9)
A10: SEO | B10: Timer total | C10: =SUMIFS(Data!$L$2:$L$320,Data!$C$2:$C$320,$A10,Data!$A$2:$A$320,"2026-08-03") | D10: =SUMIFS(Data!$L$2:$L$320,Data!$C$2:$C$320,$A10,Data!$A$2:$A$320,"2026-08-10") | E10: =SUMIFS(Data!$L$2:$L$320,Data!$C$2:$C$320,$A10,Data!$A$2:$A$320,"2026-08-17") | F10: =SUMIFS(Data!$L$2:$L$320,Data!$C$2:$C$320,$A10,Data!$A$2:$A$320,"2026-08-24") | G10: =SUMIFS(Data!$L$2:$L$320,Data!$C$2:$C$320,$A10,Data!$A$2:$A$320,"2026-08-31") | H10: =SUMIFS(Data!$L$2:$L$320,Data!$C$2:$C$320,$A10,Data!$A$2:$A$320,"2026-09-07") | I10: =SUMIFS(Data!$L$2:$L$320,Data!$C$2:$C$320,$A10,Data!$A$2:$A$320,"2026-09-14") | J10: =SUM(C10:I10)
B11: Standup | C11: =SUMIFS(Data!$M$2:$M$320,Data!$C$2:$C$320,$A10,Data!$A$2:$A$320,"2026-08-03") | D11: =SUMIFS(Data!$M$2:$M$320,Data!$C$2:$C$320,$A10,Data!$A$2:$A$320,"2026-08-10") | E11: =SUMIFS(Data!$M$2:$M$320,Data!$C$2:$C$320,$A10,Data!$A$2:$A$320,"2026-08-17") | F11: =SUMIFS(Data!$M$2:$M$320,Data!$C$2:$C$320,$A10,Data!$A$2:$A$320,"2026-08-24") | G11: =SUMIFS(Data!$M$2:$M$320,Data!$C$2:$C$320,$A10,Data!$A$2:$A$320,"2026-08-31") | H11: =SUMIFS(Data!$M$2:$M$320,Data!$C$2:$C$320,$A10,Data!$A$2:$A$320,"2026-09-07") | I11: =SUMIFS(Data!$M$2:$M$320,Data!$C$2:$C$320,$A10,Data!$A$2:$A$320,"2026-09-14") | J11: =SUM(C11:I11)
A12: Support | B12: Timer total | C12: =SUMIFS(Data!$L$2:$L$320,Data!$C$2:$C$320,$A12,Data!$A$2:$A$320,"2026-08-03") | D12: =SUMIFS(Data!$L$2:$L$320,Data!$C$2:$C$320,$A12,Data!$A$2:$A$320,"2026-08-10") | E12: =SUMIFS(Data!$L$2:$L$320,Data!$C$2:$C$320,$A12,Data!$A$2:$A$320,"2026-08-17") | F12: =SUMIFS(Data!$L$2:$L$320,Data!$C$2:$C$320,$A12,Data!$A$2:$A$320,"2026-08-24") | G12: =SUMIFS(Data!$L$2:$L$320,Data!$C$2:$C$320,$A12,Data!$A$2:$A$320,"2026-08-31") | H12: =SUMIFS(Data!$L$2:$L$320,Data!$C$2:$C$320,$A12,Data!$A$2:$A$320,"2026-09-07") | I12: =SUMIFS(Data!$L$2:$L$320,Data!$C$2:$C$320,$A12,Data!$A$2:$A$320,"2026-09-14") | J12: =SUM(C12:I12)
B13: Standup | C13: =SUMIFS(Data!$M$2:$M$320,Data!$C$2:$C$320,$A12,Data!$A$2:$A$320,"2026-08-03") | D13: =SUMIFS(Data!$M$2:$M$320,Data!$C$2:$C$320,$A12,Data!$A$2:$A$320,"2026-08-10") | E13: =SUMIFS(Data!$M$2:$M$320,Data!$C$2:$C$320,$A12,Data!$A$2:$A$320,"2026-08-17") | F13: =SUMIFS(Data!$M$2:$M$320,Data!$C$2:$C$320,$A12,Data!$A$2:$A$320,"2026-08-24") | G13: =SUMIFS(Data!$M$2:$M$320,Data!$C$2:$C$320,$A12,Data!$A$2:$A$320,"2026-08-31") | H13: =SUMIFS(Data!$M$2:$M$320,Data!$C$2:$C$320,$A12,Data!$A$2:$A$320,"2026-09-07") | I13: =SUMIFS(Data!$M$2:$M$320,Data!$C$2:$C$320,$A12,Data!$A$2:$A$320,"2026-09-14") | J13: =SUM(C13:I13)
A14: Content Creation | B14: Timer total | C14: =SUMIFS(Data!$L$2:$L$320,Data!$C$2:$C$320,$A14,Data!$A$2:$A$320,"2026-08-03") | D14: =SUMIFS(Data!$L$2:$L$320,Data!$C$2:$C$320,$A14,Data!$A$2:$A$320,"2026-08-10") | E14: =SUMIFS(Data!$L$2:$L$320,Data!$C$2:$C$320,$A14,Data!$A$2:$A$320,"2026-08-17") | F14: =SUMIFS(Data!$L$2:$L$320,Data!$C$2:$C$320,$A14,Data!$A$2:$A$320,"2026-08-24") | G14: =SUMIFS(Data!$L$2:$L$320,Data!$C$2:$C$320,$A14,Data!$A$2:$A$320,"2026-08-31") | H14: =SUMIFS(Data!$L$2:$L$320,Data!$C$2:$C$320,$A14,Data!$A$2:$A$320,"2026-09-07") | I14: =SUMIFS(Data!$L$2:$L$320,Data!$C$2:$C$320,$A14,Data!$A$2:$A$320,"2026-09-14") | J14: =SUM(C14:I14)
B15: Standup | C15: =SUMIFS(Data!$M$2:$M$320,Data!$C$2:$C$320,$A14,Data!$A$2:$A$320,"2026-08-03") | D15: =SUMIFS(Data!$M$2:$M$320,Data!$C$2:$C$320,$A14,Data!$A$2:$A$320,"2026-08-10") | E15: =SUMIFS(Data!$M$2:$M$320,Data!$C$2:$C$320,$A14,Data!$A$2:$A$320,"2026-08-17") | F15: =SUMIFS(Data!$M$2:$M$320,Data!$C$2:$C$320,$A14,Data!$A$2:$A$320,"2026-08-24") | G15: =SUMIFS(Data!$M$2:$M$320,Data!$C$2:$C$320,$A14,Data!$A$2:$A$320,"2026-08-31") | H15: =SUMIFS(Data!$M$2:$M$320,Data!$C$2:$C$320,$A14,Data!$A$2:$A$320,"2026-09-07") | I15: =SUMIFS(Data!$M$2:$M$320,Data!$C$2:$C$320,$A14,Data!$A$2:$A$320,"2026-09-14") | J15: =SUM(C15:I15)
A16: (not linked to a task) | B16: Timer total | C16: =SUMIFS(Data!$L$2:$L$320,Data!$C$2:$C$320,$A16,Data!$A$2:$A$320,"2026-08-03") | D16: =SUMIFS(Data!$L$2:$L$320,Data!$C$2:$C$320,$A16,Data!$A$2:$A$320,"2026-08-10") | E16: =SUMIFS(Data!$L$2:$L$320,Data!$C$2:$C$320,$A16,Data!$A$2:$A$320,"2026-08-17") | F16: =SUMIFS(Data!$L$2:$L$320,Data!$C$2:$C$320,$A16,Data!$A$2:$A$320,"2026-08-24") | G16: =SUMIFS(Data!$L$2:$L$320,Data!$C$2:$C$320,$A16,Data!$A$2:$A$320,"2026-08-31") | H16: =SUMIFS(Data!$L$2:$L$320,Data!$C$2:$C$320,$A16,Data!$A$2:$A$320,"2026-09-07") | I16: =SUMIFS(Data!$L$2:$L$320,Data!$C$2:$C$320,$A16,Data!$A$2:$A$320,"2026-09-14") | J16: =SUM(C16:I16)
B17: Standup | C17: =SUMIFS(Data!$M$2:$M$320,Data!$C$2:$C$320,$A16,Data!$A$2:$A$320,"2026-08-03") | D17: =SUMIFS(Data!$M$2:$M$320,Data!$C$2:$C$320,$A16,Data!$A$2:$A$320,"2026-08-10") | E17: =SUMIFS(Data!$M$2:$M$320,Data!$C$2:$C$320,$A16,Data!$A$2:$A$320,"2026-08-17") | F17: =SUMIFS(Data!$M$2:$M$320,Data!$C$2:$C$320,$A16,Data!$A$2:$A$320,"2026-08-24") | G17: =SUMIFS(Data!$M$2:$M$320,Data!$C$2:$C$320,$A16,Data!$A$2:$A$320,"2026-08-31") | H17: =SUMIFS(Data!$M$2:$M$320,Data!$C$2:$C$320,$A16,Data!$A$2:$A$320,"2026-09-07") | I17: =SUMIFS(Data!$M$2:$M$320,Data!$C$2:$C$320,$A16,Data!$A$2:$A$320,"2026-09-14") | J17: =SUM(C17:I17)
A18: TOTAL | B18: Timer total | C18: =SUMIF($B$4:$B$17,"Timer total",C$4:C$17) | D18: =SUMIF($B$4:$B$17,"Timer total",D$4:D$17) | E18: =SUMIF($B$4:$B$17,"Timer total",E$4:E$17) | F18: =SUMIF($B$4:$B$17,"Timer total",F$4:F$17) | G18: =SUMIF($B$4:$B$17,"Timer total",G$4:G$17) | H18: =SUMIF($B$4:$B$17,"Timer total",H$4:H$17) | I18: =SUMIF($B$4:$B$17,"Timer total",I$4:I$17) | J18: =SUMIF($B$4:$B$17,"Timer total",J$4:J$17)
B19: Standup | C19: =SUMIF($B$4:$B$17,"Standup",C$4:C$17) | D19: =SUMIF($B$4:$B$17,"Standup",D$4:D$17) | E19: =SUMIF($B$4:$B$17,"Standup",E$4:E$17) | F19: =SUMIF($B$4:$B$17,"Standup",F$4:F$17) | G19: =SUMIF($B$4:$B$17,"Standup",G$4:G$17) | H19: =SUMIF($B$4:$B$17,"Standup",H$4:H$17) | I19: =SUMIF($B$4:$B$17,"Standup",I$4:I$17) | J19: =SUMIF($B$4:$B$17,"Standup",J$4:J$17)

Sheet By Developer
A1: Hours by developer and week
A3: Developer | B3: Designation | C3: Source | D3: Wk1 03 Aug–09 Aug | E3: Wk2 10 Aug–16 Aug | F3: Wk3 17 Aug–23 Aug | G3: Wk4 24 Aug–30 Aug | H3: Wk5 31 Aug–06 Sep | I3: Wk6 07 Sep–13 Sep | J3: Wk7 14 Sep–20 Sep | K3: TOTAL
A4: ADMIN | B4: — | C4: Timer total | D4: =SUMIFS(Data!$L$2:$L$320,Data!$D$2:$D$320,$A4,Data!$A$2:$A$320,"2026-08-03") | E4: =SUMIFS(Data!$L$2:$L$320,Data!$D$2:$D$320,$A4,Data!$A$2:$A$320,"2026-08-10") | F4: =SUMIFS(Data!$L$2:$L$320,Data!$D$2:$D$320,$A4,Data!$A$2:$A$320,"2026-08-17") | G4: =SUMIFS(Data!$L$2:$L$320,Data!$D$2:$D$320,$A4,Data!$A$2:$A$320,"2026-08-24") | H4: =SUMIFS(Data!$L$2:$L$320,Data!$D$2:$D$320,$A4,Data!$A$2:$A$320,"2026-08-31") | I4: =SUMIFS(Data!$L$2:$L$320,Data!$D$2:$D$320,$A4,Data!$A$2:$A$320,"2026-09-07") | J4: =SUMIFS(Data!$L$2:$L$320,Data!$D$2:$D$320,$A4,Data!$A$2:$A$320,"2026-09-14") | K4: =SUM(D4:J4)
C5: Standup | D5: =SUMIFS(Data!$M$2:$M$320,Data!$D$2:$D$320,$A4,Data!$A$2:$A$320,"2026-08-03") | E5: =SUMIFS(Data!$M$2:$M$320,Data!$D$2:$D$320,$A4,Data!$A$2:$A$320,"2026-08-10") | F5: =SUMIFS(Data!$M$2:$M$320,Data!$D$2:$D$320,$A4,Data!$A$2:$A$320,"2026-08-17") | G5: =SUMIFS(Data!$M$2:$M$320,Data!$D$2:$D$320,$A4,Data!$A$2:$A$320,"2026-08-24") | H5: =SUMIFS(Data!$M$2:$M$320,Data!$D$2:$D$320,$A4,Data!$A$2:$A$320,"2026-08-31") | I5: =SUMIFS(Data!$M$2:$M$320,Data!$D$2:$D$320,$A4,Data!$A$2:$A$320,"2026-09-07") | J5: =SUMIFS(Data!$M$2:$M$320,Data!$D$2:$D$320,$A4,Data!$A$2:$A$320,"2026-09-14") | K5: =SUM(D5:J5)
A6: Abbas Khan | B6: CMS Developer and UI/UX Designer | C6: Timer total | D6: =SUMIFS(Data!$L$2:$L$320,Data!$D$2:$D$320,$A6,Data!$A$2:$A$320,"2026-08-03") | E6: =SUMIFS(Data!$L$2:$L$320,Data!$D$2:$D$320,$A6,Data!$A$2:$A$320,"2026-08-10") | F6: =SUMIFS(Data!$L$2:$L$320,Data!$D$2:$D$320,$A6,Data!$A$2:$A$320,"2026-08-17") | G6: =SUMIFS(Data!$L$2:$L$320,Data!$D$2:$D$320,$A6,Data!$A$2:$A$320,"2026-08-24") | H6: =SUMIFS(Data!$L$2:$L$320,Data!$D$2:$D$320,$A6,Data!$A$2:$A$320,"2026-08-31") | I6: =SUMIFS(Data!$L$2:$L$320,Data!$D$2:$D$320,$A6,Data!$A$2:$A$320,"2026-09-07") | J6: =SUMIFS(Data!$L$2:$L$320,Data!$D$2:$D$320,$A6,Data!$A$2:$A$320,"2026-09-14") | K6: =SUM(D6:J6)
C7: Standup | D7: =SUMIFS(Data!$M$2:$M$320,Data!$D$2:$D$320,$A6,Data!$A$2:$A$320,"2026-08-03") | E7: =SUMIFS(Data!$M$2:$M$320,Data!$D$2:$D$320,$A6,Data!$A$2:$A$320,"2026-08-10") | F7: =SUMIFS(Data!$M$2:$M$320,Data!$D$2:$D$320,$A6,Data!$A$2:$A$320,"2026-08-17") | G7: =SUMIFS(Data!$M$2:$M$320,Data!$D$2:$D$320,$A6,Data!$A$2:$A$320,"2026-08-24") | H7: =SUMIFS(Data!$M$2:$M$320,Data!$D$2:$D$320,$A6,Data!$A$2:$A$320,"2026-08-31") | I7: =SUMIFS(Data!$M$2:$M$320,Data!$D$2:$D$320,$A6,Data!$A$2:$A$320,"2026-09-07") | J7: =SUMIFS(Data!$M$2:$M$320,Data!$D$2:$D$320,$A6,Data!$A$2:$A$320,"2026-09-14") | K7: =SUM(D7:J7)
A8: Atta Ul Mustafa Saad | B8: UI/UX Designer | C8: Timer total | D8: =SUMIFS(Data!$L$2:$L$320,Data!$D$2:$D$320,$A8,Data!$A$2:$A$320,"2026-08-03") | E8: =SUMIFS(Data!$L$2:$L$320,Data!$D$2:$D$320,$A8,Data!$A$2:$A$320,"2026-08-10") | F8: =SUMIFS(Data!$L$2:$L$320,Data!$D$2:$D$320,$A8,Data!$A$2:$A$320,"2026-08-17") | G8: =SUMIFS(Data!$L$2:$L$320,Data!$D$2:$D$320,$A8,Data!$A$2:$A$320,"2026-08-24") | H8: =SUMIFS(Data!$L$2:$L$320,Data!$D$2:$D$320,$A8,Data!$A$2:$A$320,"2026-08-31") | I8: =SUMIFS(Data!$L$2:$L$320,Data!$D$2:$D$320,$A8,Data!$A$2:$A$320,"2026-09-07") | J8: =SUMIFS(Data!$L$2:$L$320,Data!$D$2:$D$320,$A8,Data!$A$2:$A$320,"2026-09-14") | K8: =SUM(D8:J8)
C9: Standup | D9: =SUMIFS(Data!$M$2:$M$320,Data!$D$2:$D$320,$A8,Data!$A$2:$A$320,"2026-08-03") | E9: =SUMIFS(Data!$M$2:$M$320,Data!$D$2:$D$320,$A8,Data!$A$2:$A$320,"2026-08-10") | F9: =SUMIFS(Data!$M$2:$M$320,Data!$D$2:$D$320,$A8,Data!$A$2:$A$320,"2026-08-17") | G9: =SUMIFS(Data!$M$2:$M$320,Data!$D$2:$D$320,$A8,Data!$A$2:$A$320,"2026-08-24") | H9: =SUMIFS(Data!$M$2:$M$320,Data!$D$2:$D$320,$A8,Data!$A$2:$A$320,"2026-08-31") | I9: =SUMIFS(Data!$M$2:$M$320,Data!$D$2:$D$320,$A8,Data!$A$2:$A$320,"2026-09-07") | J9: =SUMIFS(Data!$M$2:$M$320,Data!$D$2:$D$320,$A8,Data!$A$2:$A$320,"2026-09-14") | K9: =SUM(D9:J9)
A10: Ghayas | B10: Chief Technology Officer | C10: Timer total | D10: =SUMIFS(Data!$L$2:$L$320,Data!$D$2:$D$320,$A10,Data!$A$2:$A$320,"2026-08-03") | E10: =SUMIFS(Data!$L$2:$L$320,Data!$D$2:$D$320,$A10,Data!$A$2:$A$320,"2026-08-10") | F10: =SUMIFS(Data!$L$2:$L$320,Data!$D$2:$D$320,$A10,Data!$A$2:$A$320,"2026-08-17") | G10: =SUMIFS(Data!$L$2:$L$320,Data!$D$2:$D$320,$A10,Data!$A$2:$A$320,"2026-08-24") | H10: =SUMIFS(Data!$L$2:$L$320,Data!$D$2:$D$320,$A10,Data!$A$2:$A$320,"2026-08-31") | I10: =SUMIFS(Data!$L$2:$L$320,Data!$D$2:$D$320,$A10,Data!$A$2:$A$320,"2026-09-07") | J10: =SUMIFS(Data!$L$2:$L$320,Data!$D$2:$D$320,$A10,Data!$A$2:$A$320,"2026-09-14") | K10: =SUM(D10:J10)
C11: Standup | D11: =SUMIFS(Data!$M$2:$M$320,Data!$D$2:$D$320,$A10,Data!$A$2:$A$320,"2026-08-03") | E11: =SUMIFS(Data!$M$2:$M$320,Data!$D$2:$D$320,$A10,Data!$A$2:$A$320,"2026-08-10") | F11: =SUMIFS(Data!$M$2:$M$320,Data!$D$2:$D$320,$A10,Data!$A$2:$A$320,"2026-08-17") | G11: =SUMIFS(Data!$M$2:$M$320,Data!$D$2:$D$320,$A10,Data!$A$2:$A$320,"2026-08-24") | H11: =SUMIFS(Data!$M$2:$M$320,Data!$D$2:$D$320,$A10,Data!$A$2:$A$320,"2026-08-31") | I11: =SUMIFS(Data!$M$2:$M$320,Data!$D$2:$D$320,$A10,Data!$A$2:$A$320,"2026-09-07") | J11: =SUMIFS(Data!$M$2:$M$320,Data!$D$2:$D$320,$A10,Data!$A$2:$A$320,"2026-09-14") | K11: =SUM(D11:J11)
A12: Maaz Tareen | B12: UI/UX Designer | C12: Timer total | D12: =SUMIFS(Data!$L$2:$L$320,Data!$D$2:$D$320,$A12,Data!$A$2:$A$320,"2026-08-03") | E12: =SUMIFS(Data!$L$2:$L$320,Data!$D$2:$D$320,$A12,Data!$A$2:$A$320,"2026-08-10") | F12: =SUMIFS(Data!$L$2:$L$320,Data!$D$2:$D$320,$A12,Data!$A$2:$A$320,"2026-08-17") | G12: =SUMIFS(Data!$L$2:$L$320,Data!$D$2:$D$320,$A12,Data!$A$2:$A$320,"2026-08-24") | H12: =SUMIFS(Data!$L$2:$L$320,Data!$D$2:$D$320,$A12,Data!$A$2:$A$320,"2026-08-31") | I12: =SUMIFS(Data!$L$2:$L$320,Data!$D$2:$D$320,$A12,Data!$A$2:$A$320,"2026-09-07") | J12: =SUMIFS(Data!$L$2:$L$320,Data!$D$2:$D$320,$A12,Data!$A$2:$A$320,"2026-09-14") | K12: =SUM(D12:J12)
C13: Standup | D13: =SUMIFS(Data!$M$2:$M$320,Data!$D$2:$D$320,$A12,Data!$A$2:$A$320,"2026-08-03") | E13: =SUMIFS(Data!$M$2:$M$320,Data!$D$2:$D$320,$A12,Data!$A$2:$A$320,"2026-08-10") | F13: =SUMIFS(Data!$M$2:$M$320,Data!$D$2:$D$320,$A12,Data!$A$2:$A$320,"2026-08-17") | G13: =SUMIFS(Data!$M$2:$M$320,Data!$D$2:$D$320,$A12,Data!$A$2:$A$320,"2026-08-24") | H13: =SUMIFS(Data!$M$2:$M$320,Data!$D$2:$D$320,$A12,Data!$A$2:$A$320,"2026-08-31") | I13: =SUMIFS(Data!$M$2:$M$320,Data!$D$2:$D$320,$A12,Data!$A$2:$A$320,"2026-09-07") | J13: =SUMIFS(Data!$M$2:$M$320,Data!$D$2:$D$320,$A12,Data!$A$2:$A$320,"2026-09-14") | K13: =SUM(D13:J13)
A14: Mahnoor | B14: Chief Design Officer | C14: Timer total | D14: =SUMIFS(Data!$L$2:$L$320,Data!$D$2:$D$320,$A14,Data!$A$2:$A$320,"2026-08-03") | E14: =SUMIFS(Data!$L$2:$L$320,Data!$D$2:$D$320,$A14,Data!$A$2:$A$320,"2026-08-10") | F14: =SUMIFS(Data!$L$2:$L$320,Data!$D$2:$D$320,$A14,Data!$A$2:$A$320,"2026-08-17") | G14: =SUMIFS(Data!$L$2:$L$320,Data!$D$2:$D$320,$A14,Data!$A$2:$A$320,"2026-08-24") | H14: =SUMIFS(Data!$L$2:$L$320,Data!$D$2:$D$320,$A14,Data!$A$2:$A$320,"2026-08-31") | I14: =SUMIFS(Data!$L$2:$L$320,Data!$D$2:$D$320,$A14,Data!$A$2:$A$320,"2026-09-07") | J14: =SUMIFS(Data!$L$2:$L$320,Data!$D$2:$D$320,$A14,Data!$A$2:$A$320,"2026-09-14") | K14: =SUM(D14:J14)
C15: Standup | D15: =SUMIFS(Data!$M$2:$M$320,Data!$D$2:$D$320,$A14,Data!$A$2:$A$320,"2026-08-03") | E15: =SUMIFS(Data!$M$2:$M$320,Data!$D$2:$D$320,$A14,Data!$A$2:$A$320,"2026-08-10") | F15: =SUMIFS(Data!$M$2:$M$320,Data!$D$2:$D$320,$A14,Data!$A$2:$A$320,"2026-08-17") | G15: =SUMIFS(Data!$M$2:$M$320,Data!$D$2:$D$320,$A14,Data!$A$2:$A$320,"2026-08-24") | H15: =SUMIFS(Data!$M$2:$M$320,Data!$D$2:$D$320,$A14,Data!$A$2:$A$320,"2026-08-31") | I15: =SUMIFS(Data!$M$2:$M$320,Data!$D$2:$D$320,$A14,Data!$A$2:$A$320,"2026-09-07") | J15: =SUMIFS(Data!$M$2:$M$320,Data!$D$2:$D$320,$A14,Data!$A$2:$A$320,"2026-09-14") | K15: =SUM(D15:J15)
A16: Mahnoor Khalid | B16: Digital Marketing Executive | C16: Timer total | D16: =SUMIFS(Data!$L$2:$L$320,Data!$D$2:$D$320,$A16,Data!$A$2:$A$320,"2026-08-03") | E16: =SUMIFS(Data!$L$2:$L$320,Data!$D$2:$D$320,$A16,Data!$A$2:$A$320,"2026-08-10") | F16: =SUMIFS(Data!$L$2:$L$320,Data!$D$2:$D$320,$A16,Data!$A$2:$A$320,"2026-08-17") | G16: =SUMIFS(Data!$L$2:$L$320,Data!$D$2:$D$320,$A16,Data!$A$2:$A$320,"2026-08-24") | H16: =SUMIFS(Data!$L$2:$L$320,Data!$D$2:$D$320,$A16,Data!$A$2:$A$320,"2026-08-31") | I16: =SUMIFS(Data!$L$2:$L$320,Data!$D$2:$D$320,$A16,Data!$A$2:$A$320,"2026-09-07") | J16: =SUMIFS(Data!$L$2:$L$320,Data!$D$2:$D$320,$A16,Data!$A$2:$A$320,"2026-09-14") | K16: =SUM(D16:J16)
C17: Standup | D17: =SUMIFS(Data!$M$2:$M$320,Data!$D$2:$D$320,$A16,Data!$A$2:$A$320,"2026-08-03") | E17: =SUMIFS(Data!$M$2:$M$320,Data!$D$2:$D$320,$A16,Data!$A$2:$A$320,"2026-08-10") | F17: =SUMIFS(Data!$M$2:$M$320,Data!$D$2:$D$320,$A16,Data!$A$2:$A$320,"2026-08-17") | G17: =SUMIFS(Data!$M$2:$M$320,Data!$D$2:$D$320,$A16,Data!$A$2:$A$320,"2026-08-24") | H17: =SUMIFS(Data!$M$2:$M$320,Data!$D$2:$D$320,$A16,Data!$A$2:$A$320,"2026-08-31") | I17: =SUMIFS(Data!$M$2:$M$320,Data!$D$2:$D$320,$A16,Data!$A$2:$A$320,"2026-09-07") | J17: =SUMIFS(Data!$M$2:$M$320,Data!$D$2:$D$320,$A16,Data!$A$2:$A$320,"2026-09-14") | K17: =SUM(D17:J17)
A18: Muhammad Yahya | B18: Software Engineer I | C18: Timer total | D18: =SUMIFS(Data!$L$2:$L$320,Data!$D$2:$D$320,$A18,Data!$A$2:$A$320,"2026-08-03") | E18: =SUMIFS(Data!$L$2:$L$320,Data!$D$2:$D$320,$A18,Data!$A$2:$A$320,"2026-08-10") | F18: =SUMIFS(Data!$L$2:$L$320,Data!$D$2:$D$320,$A18,Data!$A$2:$A$320,"2026-08-17") | G18: =SUMIFS(Data!$L$2:$L$320,Data!$D$2:$D$320,$A18,Data!$A$2:$A$320,"2026-08-24") | H18: =SUMIFS(Data!$L$2:$L$320,Data!$D$2:$D$320,$A18,Data!$A$2:$A$320,"2026-08-31") | I18: =SUMIFS(Data!$L$2:$L$320,Data!$D$2:$D$320,$A18,Data!$A$2:$A$320,"2026-09-07") | J18: =SUMIFS(Data!$L$2:$L$320,Data!$D$2:$D$320,$A18,Data!$A$2:$A$320,"2026-09-14") | K18: =SUM(D18:J18)
C19: Standup | D19: =SUMIFS(Data!$M$2:$M$320,Data!$D$2:$D$320,$A18,Data!$A$2:$A$320,"2026-08-03") | E19: =SUMIFS(Data!$M$2:$M$320,Data!$D$2:$D$320,$A18,Data!$A$2:$A$320,"2026-08-10") | F19: =SUMIFS(Data!$M$2:$M$320,Data!$D$2:$D$320,$A18,Data!$A$2:$A$320,"2026-08-17") | G19: =SUMIFS(Data!$M$2:$M$320,Data!$D$2:$D$320,$A18,Data!$A$2:$A$320,"2026-08-24") | H19: =SUMIFS(Data!$M$2:$M$320,Data!$D$2:$D$320,$A18,Data!$A$2:$A$320,"2026-08-31") | I19: =SUMIFS(Data!$M$2:$M$320,Data!$D$2:$D$320,$A18,Data!$A$2:$A$320,"2026-09-07") | J19: =SUMIFS(Data!$M$2:$M$320,Data!$D$2:$D$320,$A18,Data!$A$2:$A$320,"2026-09-14") | K19: =SUM(D19:J19)
A20: Noor Shahid | B20: Chief Marketing Officer | C20: Timer total | D20: =SUMIFS(Data!$L$2:$L$320,Data!$D$2:$D$320,$A20,Data!$A$2:$A$320,"2026-08-03") | E20: =SUMIFS(Data!$L$2:$L$320,Data!$D$2:$D$320,$A20,Data!$A$2:$A$320,"2026-08-10") | F20: =SUMIFS(Data!$L$2:$L$320,Data!$D$2:$D$320,$A20,Data!$A$2:$A$320,"2026-08-17") | G20: =SUMIFS(Data!$L$2:$L$320,Data!$D$2:$D$320,$A20,Data!$A$2:$A$320,"2026-08-24") | H20: =SUMIFS(Data!$L$2:$L$320,Data!$D$2:$D$320,$A20,Data!$A$2:$A$320,"2026-08-31") | I20: =SUMIFS(Data!$L$2:$L$320,Data!$D$2:$D$320,$A20,Data!$A$2:$A$320,"2026-09-07") | J20: =SUMIFS(Data!$L$2:$L$320,Data!$D$2:$D$320,$A20,Data!$A$2:$A$320,"2026-09-14") | K20: =SUM(D20:J20)
C21: Standup | D21: =SUMIFS(Data!$M$2:$M$320,Data!$D$2:$D$320,$A20,Data!$A$2:$A$320,"2026-08-03") | E21: =SUMIFS(Data!$M$2:$M$320,Data!$D$2:$D$320,$A20,Data!$A$2:$A$320,"2026-08-10") | F21: =SUMIFS(Data!$M$2:$M$320,Data!$D$2:$D$320,$A20,Data!$A$2:$A$320,"2026-08-17") | G21: =SUMIFS(Data!$M$2:$M$320,Data!$D$2:$D$320,$A20,Data!$A$2:$A$320,"2026-08-24") | H21: =SUMIFS(Data!$M$2:$M$320,Data!$D$2:$D$320,$A20,Data!$A$2:$A$320,"2026-08-31") | I21: =SUMIFS(Data!$M$2:$M$320,Data!$D$2:$D$320,$A20,Data!$A$2:$A$320,"2026-09-07") | J21: =SUMIFS(Data!$M$2:$M$320,Data!$D$2:$D$320,$A20,Data!$A$2:$A$320,"2026-09-14") | K21: =SUM(D21:J21)
A22: Saif Ullah | B22: Chief Operations Officer | C22: Timer total | D22: =SUMIFS(Data!$L$2:$L$320,Data!$D$2:$D$320,$A22,Data!$A$2:$A$320,"2026-08-03") | E22: =SUMIFS(Data!$L$2:$L$320,Data!$D$2:$D$320,$A22,Data!$A$2:$A$320,"2026-08-10") | F22: =SUMIFS(Data!$L$2:$L$320,Data!$D$2:$D$320,$A22,Data!$A$2:$A$320,"2026-08-17") | G22: =SUMIFS(Data!$L$2:$L$320,Data!$D$2:$D$320,$A22,Data!$A$2:$A$320,"2026-08-24") | H22: =SUMIFS(Data!$L$2:$L$320,Data!$D$2:$D$320,$A22,Data!$A$2:$A$320,"2026-08-31") | I22: =SUMIFS(Data!$L$2:$L$320,Data!$D$2:$D$320,$A22,Data!$A$2:$A$320,"2026-09-07") | J22: =SUMIFS(Data!$L$2:$L$320,Data!$D$2:$D$320,$A22,Data!$A$2:$A$320,"2026-09-14") | K22: =SUM(D22:J22)
C23: Standup | D23: =SUMIFS(Data!$M$2:$M$320,Data!$D$2:$D$320,$A22,Data!$A$2:$A$320,"2026-08-03") | E23: =SUMIFS(Data!$M$2:$M$320,Data!$D$2:$D$320,$A22,Data!$A$2:$A$320,"2026-08-10") | F23: =SUMIFS(Data!$M$2:$M$320,Data!$D$2:$D$320,$A22,Data!$A$2:$A$320,"2026-08-17") | G23: =SUMIFS(Data!$M$2:$M$320,Data!$D$2:$D$320,$A22,Data!$A$2:$A$320,"2026-08-24") | H23: =SUMIFS(Data!$M$2:$M$320,Data!$D$2:$D$320,$A22,Data!$A$2:$A$320,"2026-08-31") | I23: =SUMIFS(Data!$M$2:$M$320,Data!$D$2:$D$320,$A22,Data!$A$2:$A$320,"2026-09-07") | J23: =SUMIFS(Data!$M$2:$M$320,Data!$D$2:$D$320,$A22,Data!$A$2:$A$320,"2026-09-14") | K23: =SUM(D23:J23)
A24: Sajawal Khan | B24: Web Content Specialist | C24: Timer total | D24: =SUMIFS(Data!$L$2:$L$320,Data!$D$2:$D$320,$A24,Data!$A$2:$A$320,"2026-08-03") | E24: =SUMIFS(Data!$L$2:$L$320,Data!$D$2:$D$320,$A24,Data!$A$2:$A$320,"2026-08-10") | F24: =SUMIFS(Data!$L$2:$L$320,Data!$D$2:$D$320,$A24,Data!$A$2:$A$320,"2026-08-17") | G24: =SUMIFS(Data!$L$2:$L$320,Data!$D$2:$D$320,$A24,Data!$A$2:$A$320,"2026-08-24") | H24: =SUMIFS(Data!$L$2:$L$320,Data!$D$2:$D$320,$A24,Data!$A$2:$A$320,"2026-08-31") | I24: =SUMIFS(Data!$L$2:$L$320,Data!$D$2:$D$320,$A24,Data!$A$2:$A$320,"2026-09-07") | J24: =SUMIFS(Data!$L$2:$L$320,Data!$D$2:$D$320,$A24,Data!$A$2:$A$320,"2026-09-14") | K24: =SUM(D24:J24)
C25: Standup | D25: =SUMIFS(Data!$M$2:$M$320,Data!$D$2:$D$320,$A24,Data!$A$2:$A$320,"2026-08-03") | E25: =SUMIFS(Data!$M$2:$M$320,Data!$D$2:$D$320,$A24,Data!$A$2:$A$320,"2026-08-10") | F25: =SUMIFS(Data!$M$2:$M$320,Data!$D$2:$D$320,$A24,Data!$A$2:$A$320,"2026-08-17") | G25: =SUMIFS(Data!$M$2:$M$320,Data!$D$2:$D$320,$A24,Data!$A$2:$A$320,"2026-08-24") | H25: =SUMIFS(Data!$M$2:$M$320,Data!$D$2:$D$320,$A24,Data!$A$2:$A$320,"2026-08-31") | I25: =SUMIFS(Data!$M$2:$M$320,Data!$D$2:$D$320,$A24,Data!$A$2:$A$320,"2026-09-07") | J25: =SUMIFS(Data!$M$2:$M$320,Data!$D$2:$D$320,$A24,Data!$A$2:$A$320,"2026-09-14") | K25: =SUM(D25:J25)
A26: Yasir birlas | B26: Digital Marketing Executive | C26: Timer total | D26: =SUMIFS(Data!$L$2:$L$320,Data!$D$2:$D$320,$A26,Data!$A$2:$A$320,"2026-08-03") | E26: =SUMIFS(Data!$L$2:$L$320,Data!$D$2:$D$320,$A26,Data!$A$2:$A$320,"2026-08-10") | F26: =SUMIFS(Data!$L$2:$L$320,Data!$D$2:$D$320,$A26,Data!$A$2:$A$320,"2026-08-17") | G26: =SUMIFS(Data!$L$2:$L$320,Data!$D$2:$D$320,$A26,Data!$A$2:$A$320,"2026-08-24") | H26: =SUMIFS(Data!$L$2:$L$320,Data!$D$2:$D$320,$A26,Data!$A$2:$A$320,"2026-08-31") | I26: =SUMIFS(Data!$L$2:$L$320,Data!$D$2:$D$320,$A26,Data!$A$2:$A$320,"2026-09-07") | J26: =SUMIFS(Data!$L$2:$L$320,Data!$D$2:$D$320,$A26,Data!$A$2:$A$320,"2026-09-14") | K26: =SUM(D26:J26)
C27: Standup | D27: =SUMIFS(Data!$M$2:$M$320,Data!$D$2:$D$320,$A26,Data!$A$2:$A$320,"2026-08-03") | E27: =SUMIFS(Data!$M$2:$M$320,Data!$D$2:$D$320,$A26,Data!$A$2:$A$320,"2026-08-10") | F27: =SUMIFS(Data!$M$2:$M$320,Data!$D$2:$D$320,$A26,Data!$A$2:$A$320,"2026-08-17") | G27: =SUMIFS(Data!$M$2:$M$320,Data!$D$2:$D$320,$A26,Data!$A$2:$A$320,"2026-08-24") | H27: =SUMIFS(Data!$M$2:$M$320,Data!$D$2:$D$320,$A26,Data!$A$2:$A$320,"2026-08-31") | I27: =SUMIFS(Data!$M$2:$M$320,Data!$D$2:$D$320,$A26,Data!$A$2:$A$320,"2026-09-07") | J27: =SUMIFS(Data!$M$2:$M$320,Data!$D$2:$D$320,$A26,Data!$A$2:$A$320,"2026-09-14") | K27: =SUM(D27:J27)
A28: Zain Malik | B28: Software Engineer II | C28: Timer total | D28: =SUMIFS(Data!$L$2:$L$320,Data!$D$2:$D$320,$A28,Data!$A$2:$A$320,"2026-08-03") | E28: =SUMIFS(Data!$L$2:$L$320,Data!$D$2:$D$320,$A28,Data!$A$2:$A$320,"2026-08-10") | F28: =SUMIFS(Data!$L$2:$L$320,Data!$D$2:$D$320,$A28,Data!$A$2:$A$320,"2026-08-17") | G28: =SUMIFS(Data!$L$2:$L$320,Data!$D$2:$D$320,$A28,Data!$A$2:$A$320,"2026-08-24") | H28: =SUMIFS(Data!$L$2:$L$320,Data!$D$2:$D$320,$A28,Data!$A$2:$A$320,"2026-08-31") | I28: =SUMIFS(Data!$L$2:$L$320,Data!$D$2:$D$320,$A28,Data!$A$2:$A$320,"2026-09-07") | J28: =SUMIFS(Data!$L$2:$L$320,Data!$D$2:$D$320,$A28,Data!$A$2:$A$320,"2026-09-14") | K28: =SUM(D28:J28)
C29: Standup | D29: =SUMIFS(Data!$M$2:$M$320,Data!$D$2:$D$320,$A28,Data!$A$2:$A$320,"2026-08-03") | E29: =SUMIFS(Data!$M$2:$M$320,Data!$D$2:$D$320,$A28,Data!$A$2:$A$320,"2026-08-10") | F29: =SUMIFS(Data!$M$2:$M$320,Data!$D$2:$D$320,$A28,Data!$A$2:$A$320,"2026-08-17") | G29: =SUMIFS(Data!$M$2:$M$320,Data!$D$2:$D$320,$A28,Data!$A$2:$A$320,"2026-08-24") | H29: =SUMIFS(Data!$M$2:$M$320,Data!$D$2:$D$320,$A28,Data!$A$2:$A$320,"2026-08-31") | I29: =SUMIFS(Data!$M$2:$M$320,Data!$D$2:$D$320,$A28,Data!$A$2:$A$320,"2026-09-07") | J29: =SUMIFS(Data!$M$2:$M$320,Data!$D$2:$D$320,$A28,Data!$A$2:$A$320,"2026-09-14") | K29: =SUM(D29:J29)
A30: khizer hayat | B30: CMS Developer | C30: Timer total | D30: =SUMIFS(Data!$L$2:$L$320,Data!$D$2:$D$320,$A30,Data!$A$2:$A$320,"2026-08-03") | E30: =SUMIFS(Data!$L$2:$L$320,Data!$D$2:$D$320,$A30,Data!$A$2:$A$320,"2026-08-10") | F30: =SUMIFS(Data!$L$2:$L$320,Data!$D$2:$D$320,$A30,Data!$A$2:$A$320,"2026-08-17") | G30: =SUMIFS(Data!$L$2:$L$320,Data!$D$2:$D$320,$A30,Data!$A$2:$A$320,"2026-08-24") | H30: =SUMIFS(Data!$L$2:$L$320,Data!$D$2:$D$320,$A30,Data!$A$2:$A$320,"2026-08-31") | I30: =SUMIFS(Data!$L$2:$L$320,Data!$D$2:$D$320,$A30,Data!$A$2:$A$320,"2026-09-07") | J30: =SUMIFS(Data!$L$2:$L$320,Data!$D$2:$D$320,$A30,Data!$A$2:$A$320,"2026-09-14") | K30: =SUM(D30:J30)
C31: Standup | D31: =SUMIFS(Data!$M$2:$M$320,Data!$D$2:$D$320,$A30,Data!$A$2:$A$320,"2026-08-03") | E31: =SUMIFS(Data!$M$2:$M$320,Data!$D$2:$D$320,$A30,Data!$A$2:$A$320,"2026-08-10") | F31: =SUMIFS(Data!$M$2:$M$320,Data!$D$2:$D$320,$A30,Data!$A$2:$A$320,"2026-08-17") | G31: =SUMIFS(Data!$M$2:$M$320,Data!$D$2:$D$320,$A30,Data!$A$2:$A$320,"2026-08-24") | H31: =SUMIFS(Data!$M$2:$M$320,Data!$D$2:$D$320,$A30,Data!$A$2:$A$320,"2026-08-31") | I31: =SUMIFS(Data!$M$2:$M$320,Data!$D$2:$D$320,$A30,Data!$A$2:$A$320,"2026-09-07") | J31: =SUMIFS(Data!$M$2:$M$320,Data!$D$2:$D$320,$A30,Data!$A$2:$A$320,"2026-09-14") | K31: =SUM(D31:J31)

Sheet Data
A1: Week Start | B1: Week | C1: Service | D1: Developer | E1: Designation | F1: Project | G1: Task | H1: What it means (plain English) | I1: Status | J1: Timer h | K1: Manual h | L1: Timer total h | M1: Standup h
A2: 2026-08-03 | B2: Wk1 03 Aug–09 Aug | C2: (not linked to a task) | D2: Abbas Khan | E2: CMS Developer and UI/UX Designer | F2: — | G2: Zedan | H2: General ongoing work on the Zedan shoe brand store. | I2: — | J2: 0 | K2: 0 | L2: =J2+K2 | M2: 1.2083333
A3: 2026-08-03 | B3: Wk1 03 Aug–09 Aug | C3: (not linked to a task) | D3: Atta Ul Mustafa Saad | E3: UI/UX Designer | F3: — | G3: UV Sample book | H3: Producing the UV sample book artwork. | I3: — | J3: 0 | K3: 0 | L3: =J3+K3 | M3: 0.8125
A4: 2026-08-03 | B4: Wk1 03 Aug–09 Aug | C4: (not linked to a task) | D4: Maaz Tareen | E4: UI/UX Designer | F4: — | G4: Zedan | H4: General ongoing work on the Zedan shoe brand store. | I4: — | J4: 0 | K4: 0 | L4: =J4+K4 | M4: 1.1979167
A5: 2026-08-03 | B5: Wk1 03 Aug–09 Aug | C5: (not linked to a task) | D5: Muhammad Yahya | E5: Software Engineer I | F5: — | G5: Zedan website Design & Dev | H5: Designing and building the Zedan website. | I5: — | J5: 0 | K5: 0 | L5: =J5+K5 | M5: 1.2916667
A6: 2026-08-03 | B6: Wk1 03 Aug–09 Aug | C6: (not linked to a task) | D6: Sajawal Khan | E6: Web Content Specialist | F6: — | G6: Zedan website Design & Dev | H6: Designing and building the Zedan website. | I6: — | J6: 0 | K6: 0 | L6: =J6+K6 | M6: 0.9375
A7: 2026-08-03 | B7: Wk1 03 Aug–09 Aug | C7: (not linked to a task) | D7: Yasir birlas | E7: Digital Marketing Executive | F7: — | G7: Neowall | H7: General ongoing work on the Neowall cladding website. | I7: — | J7: 0 | K7: 0 | L7: =J7+K7 | M7: 0.99652778
A8: 2026-08-03 | B8: Wk1 03 Aug–09 Aug | C8: (not linked to a task) | D8: Zain Malik | E8: Software Engineer II | F8: — | G8: Linknbit Portal | H8: Work on our own internal staff portal. | I8: — | J8: 0 | K8: 0 | L8: =J8+K8 | M8: 1
A9: 2026-08-03 | B9: Wk1 03 Aug–09 Aug | C9: (not linked to a task) | D9: khizer hayat | E9: CMS Developer | F9: — | G9: Zedan website Design & Dev | H9: Designing and building the Zedan website. | I9: — | J9: 0 | K9: 0 | L9: =J9+K9 | M9: 0.45833333
A10: 2026-08-10 | B10: Wk2 10 Aug–16 Aug | C10: (not linked to a task) | D10: Abbas Khan | E10: CMS Developer and UI/UX Designer | F10: — | G10: Zedan | H10: General ongoing work on the Zedan shoe brand store. | I10: — | J10: 0 | K10: 0 | L10: =J10+K10 | M10: 0.25
A11: 2026-08-10 | B11: Wk2 10 Aug–16 Aug | C11: (not linked to a task) | D11: Atta Ul Mustafa Saad | E11: UI/UX Designer | F11: — | G11: Linknbit | H11: General ongoing work on our own Linknbit brand and marketing. | I11: — | J11: 0 | K11: 0 | L11: =J11+K11 | M11: 0.16666667
A12: 2026-08-10 | B12: Wk2 10 Aug–16 Aug | C12: (not linked to a task) | D12: Maaz Tareen | E12: UI/UX Designer | F12: — | G12: Zedan | H12: General ongoing work on the Zedan shoe brand store. | I12: — | J12: 0 | K12: 0 | L12: =J12+K12 | M12: 0.20833333
A13: 2026-08-10 | B13: Wk2 10 Aug–16 Aug | C13: (not linked to a task) | D13: Muhammad Yahya | E13: Software Engineer I | F13: — | G13: Zedan | H13: General ongoing work on the Zedan shoe brand store. | I13: — | J13: 0 | K13: 0 | L13: =J13+K13 | M13: 0.625
... A320: 2026-08-17 | B320: Wk3 17 Aug–23 Aug | C320: Support | D320: Sajawal Khan | E320: Web Content Specialist | F320: Builders Trade Depot | G320: Upload Taps related products on the website | H320: Uploading tap products into their correct subcategories. | I320: approved | J320: 0.60277778 | K320: 0 | L320: =J320+K320 | M320: 0

Sheet Development
A1: Development — task detail by week
A3: Week | B3: Developer | C3: Project | D3: Task | E3: What it means (plain English) | F3: Status | G3: Timer h | H3: Manual h | I3: Timer total | J3: Standup h | K3: Difference
A4: Wk1 03 Aug–09 Aug | B4: ADMIN | C4: Linknbit Portal | D4: Add tasks/status | E4: Portal feature: manage task statuses in settings, like services. | F4: approved | G4: 0 | H4: 0 | I4: =G4+H4 | J4: 0 | K4: =IF(J4>=I4,"+","-")&TEXT(ABS(J4-I4),"[h]""h"" mm""m""")
A5: Wk1 03 Aug–09 Aug | B5: ADMIN | C5: Linknbit Portal | D5: create and delete message permission | E5: Portal: merging message permissions into channel administration. | F5: approved | G5: 0 | H5: 0.083333333 | I5: =G5+H5 | J5: 0 | K5: =IF(J5>=I5,"+","-")&TEXT(ABS(J5-I5),"[h]""h"" mm""m""")
A6: Wk1 03 Aug–09 Aug | B6: ADMIN | C6: Linknbit Portal | D6: numbering UI | E6: Portal: numbered list formatting in the editor. | F6: completed | G6: 0 | H6: 0 | I6: =G6+H6 | J6: 0 | K6: =IF(J6>=I6,"+","-")&TEXT(ABS(J6-I6),"[h]""h"" mm""m""")
A7: Wk1 03 Aug–09 Aug | B7: Abbas Khan | C7: Greta Grove | D7: Customer Dashboard | E7: A customer account area: order history and profile details. | F7: completed | G7: 0.14305556 | H7: 0 | I7: =G7+H7 | J7: 0 | K7: =IF(J7>=I7,"+","-")&TEXT(ABS(J7-I7),"[h]""h"" mm""m""")
A8: Wk1 03 Aug–09 Aug | B8: Muhammad Yahya | C8: Zedan | D8: Zedan - Responsive Design Fixes | E8: Fixing layout across desktop, tablet and mobile. | F8: approved | G8: 0.068055556 | H8: 0 | I8: =G8+H8 | J8: 0 | K8: =IF(J8>=I8,"+","-")&TEXT(ABS(J8-I8),"[h]""h"" mm""m""")
A9: Wk1 03 Aug–09 Aug | B9: Muhammad Yahya | C9: Zedan | D9: Zedan Q/A Fixes | E9: Fixing issues found during quality testing. | F9: completed | G9: 0.14097222 | H9: 0 | I9: =G9+H9 | J9: 0 | K9: =IF(J9>=I9,"+","-")&TEXT(ABS(J9-I9),"[h]""h"" mm""m""")
A10: Wk1 03 Aug–09 Aug | B10: Zain Malik | C10: Linknbit Portal | D10: Add tasks/status | E10: Portal feature: manage task statuses in settings, like services. | F10: approved | G10: 0 | H10: 0.33125 | I10: =G10+H10 | J10: 0 | K10: =IF(J10>=I10,"+","-")&TEXT(ABS(J10-I10),"[h]""h"" mm""m""")
A11: Wk1 03 Aug–09 Aug | B11: Zain Malik | C11: Linknbit Portal | D11: Time tracker | E11: Portal: a ClickUp-style time tracker. | F11: completed | G11: 0.0020833333 | H11: 0 | I11: =G11+H11 | J11: 0 | K11: =IF(J11>=I11,"+","-")&TEXT(ABS(J11-I11),"[h]""h"" mm""m""")
A12: Wk1 03 Aug–09 Aug | B12: Zain Malik | C12: Linknbit Portal | D12: me mode | E12: Portal: a 'only my items' filter, like ClickUp's. | F12: completed | G12: 0 | H12: 0.083333333 | I12: =G12+H12 | J12: 0 | K12: =IF(J12>=I12,"+","-")&TEXT(ABS(J12-I12),"[h]""h"" mm""m""")
A13: Wk1 03 Aug–09 Aug | B13: Zain Malik | C13: Linknbit Portal | D13: numbering UI | E13: Portal: numbered list formatting in the editor. | F13: completed | G13: 0.026388889 | H13: 0 | I13: =G13+H13 | J13: 0 | K13: =IF(J13>=I13,"+","-")&TEXT(ABS(J13-I13),"[h]""h"" mm""m""")
A14: Wk1 03 Aug–09 Aug | B14: khizer hayat | C14: Neowall | D14: Make the draft fencing live | E14: Publishing the drafted fencing page. | F14: completed | G14: 0.00069444444 | H14: 0 | I14: =G14+H14 | J14: 0 | K14: =IF(J14>=I14,"+","-")&TEXT(ABS(J14-I14),"[h]""h"" mm""m""")
A15: Wk1 03 Aug–09 Aug | B15: khizer hayat | C15: Zedan | D15: Mega menu creation | E15: Building the large dropdown navigation menu. | F15: approved | G15: 0.1125 | H15: 0.10416667 | I15: =G15+H15 | J15: 0 | K15: =IF(J15>=I15,"+","-")&TEXT(ABS(J15-I15),"[h]""h"" mm""m""")
... A156: Wk7 14 Sep–20 Sep | B156: khizer hayat | C156: Roia | D156: Website Fixes | E156: Fixing website issues listed in a shared Google Doc. | F156: in_progress | G156: 0.41875 | H156: 0 | I156: =G156+H156 | J156: 0.5625 | K156: =IF(J156>=I156,"+","-")&TEXT(ABS(J156-I156),"[h]""h"" mm""m""")
D157: TOTAL | G157: =SUM(G4:G156) | H157: =SUM(H4:H156) | I157: =SUM(I4:I156) | J157: =SUM(J4:J156) | K157: =IF(J157>=I157,"+","-")&TEXT(ABS(J157-I157),"[h]""h"" mm""m""")

Sheet Design
A1: Design — task detail by week
A3: Week | B3: Developer | C3: Project | D3: Task | E3: What it means (plain English) | F3: Status | G3: Timer h | H3: Manual h | I3: Timer total | J3: Standup h | K3: Difference
A4: Wk1 03 Aug–09 Aug | B4: Abbas Khan | C4: Zedan | D4: Images & Website Content | E4: Preparing product/page imagery and updating site copy. | F4: completed | G4: 0.043055556 | H4: 0 | I4: =G4+H4 | J4: 0 | K4: =IF(J4>=I4,"+","-")&TEXT(ABS(J4-I4),"[h]""h"" mm""m""")
A5: Wk1 03 Aug–09 Aug | B5: Atta Ul Mustafa Saad | C5: Linknbit | D5: Catalogues Design for Asfand Upwork Profile | E5: Designing catalogues for an Upwork profile. | F5: completed | G5: 0 | H5: 0 | I5: =G5+H5 | J5: 0.041666667 | K5: =IF(J5>=I5,"+","-")&TEXT(ABS(J5-I5),"[h]""h"" mm""m""")
A6: Wk1 03 Aug–09 Aug | B6: Atta Ul Mustafa Saad | C6: Builders Trade Depot | D6: Rebrand BTD | E6: Rebranding BTD to Bathroom and Tiles Direct: logo and guidelines. | F6: completed | G6: 0 | H6: 0 | I6: =G6+H6 | J6: 0.16666667 | K6: =IF(J6>=I6,"+","-")&TEXT(ABS(J6-I6),"[h]""h"" mm""m""")
A7: Wk1 03 Aug–09 Aug | B7: Atta Ul Mustafa Saad | C7: Linknbit | D7: Thumbnails | E7: Designing video/post thumbnails. | F7: completed | G7: 0 | H7: 0 | I7: =G7+H7 | J7: 0.1875 | K7: =IF(J7>=I7,"+","-")&TEXT(ABS(J7-I7),"[h]""h"" mm""m""")
A8: Wk1 03 Aug–09 Aug | B8: Atta Ul Mustafa Saad | C8: Linknbit | D8: Week 1 Social Media Content | E8: Week 1 posts, including employee profile posts. | F8: approved | G8: 0 | H8: 0 | I8: =G8+H8 | J8: 0.45833333 | K8: =IF(J8>=I8,"+","-")&TEXT(ABS(J8-I8),"[h]""h"" mm""m""")
A9: Wk1 03 Aug–09 Aug | B9: khizer hayat | C9: Zedan | D9: Mega Menu | E9: Designing the dropdown menu with category images and links. | F9: completed | G9: 0 | H9: 0 | I9: =G9+H9 | J9: 0 | K9: =IF(J9>=I9,"+","-")&TEXT(ABS(J9-I9),"[h]""h"" mm""m""")
A10: Wk2 10 Aug–16 Aug | B10: Abbas Khan | C10: Zedan | D10: Generate Image | E10: Generating imagery with AI. | F10: completed | G10: 0.082638889 | H10: 0 | I10: =G10+H10 | J10: 0 | K10: =IF(J10>=I10,"+","-")&TEXT(ABS(J10-I10),"[h]""h"" mm""m""")
A11: Wk2 10 Aug–16 Aug | B11: Atta Ul Mustafa Saad | C11: Greta Grove | D11: Design SEO Pages | E11: Designing pages built specifically to rank in search. | F11: approved | G11: 0 | H11: 0 | I11: =G11+H11 | J11: 0.083333333 | K11: =IF(J11>=I11,"+","-")&TEXT(ABS(J11-I11),"[h]""h"" mm""m""")
A12: Wk2 10 Aug–16 Aug | B12: Sajawal Khan | C12: Zedan | D12: Generate Image | E12: Generating imagery with AI. | F12: completed | G12: 0.15208333 | H12: 0 | I12: =G12+H12 | J12: 0 | K12: =IF(J12>=I12,"+","-")&TEXT(ABS(J12-I12),"[h]""h"" mm""m""")
A13: Wk3 17 Aug–23 Aug | B13: Atta Ul Mustafa Saad | C13: Greta Grove | D13: Aluvo Foamex Board Change | E13: Correcting an SKU error on an Aluvo design and resupplying it. | F13: completed | G13: 0.024305556 | H13: 0 | I13: =G13+H13 | J13: 0.020833333 | K13: =IF(J13>=I13,"+","-")&TEXT(ABS(J13-I13),"[h]""h"" mm""m""")
A14: Wk3 17 Aug–23 Aug | B14: Atta Ul Mustafa Saad | C14: Greta Grove | D14: CLick Sample book change | E14: Correcting the product specification on the last page. | F14: completed | G14: 0.0013888889 | H14: 0 | I14: =G14+H14 | J14: 0 | K14: =IF(J14>=I14,"+","-")&TEXT(ABS(J14-I14),"[h]""h"" mm""m""")
A15: Wk3 17 Aug–23 Aug | B15: Atta Ul Mustafa Saad | C15: Linknbit | D15: Case Studies Design | E15: Designing the case-study pages for our own marketing. | F15: in_progress | G15: 0.17013889 | H15: 0 | I15: =G15+H15 | J15: 1.25 | K15: =IF(J15>=I15,"+","-")&TEXT(ABS(J15-I15),"[h]""h"" mm""m""")
... A78: Wk7 14 Sep–20 Sep | B78: Maaz Tareen | C78: Linknbit | D78: Website Design | E78: Designing the new Linknbit company website. | F78: review | G78: 0.23194444 | H78: 0 | I78: =G78+H78 | J78: 0.20833333 | K78: =IF(J78>=I78,"+","-")&TEXT(ABS(J78-I78),"[h]""h"" mm""m""")
D79: TOTAL | G79: =SUM(G4:G78) | H79: =SUM(H4:H78) | I79: =SUM(I4:I78) | J79: =SUM(J4:J78) | K79: =IF(J79>=I79,"+","-")&TEXT(ABS(J79-I79),"[h]""h"" mm""m""")

Sheet Marketing
A1: Marketing — task detail by week
A3: Week | B3: Developer | C3: Project | D3: Task | E3: What it means (plain English) | F3: Status | G3: Timer h | H3: Manual h | I3: Timer total | J3: Standup h | K3: Difference
A4: Wk2 10 Aug–16 Aug | B4: Atta Ul Mustafa Saad | C4: Linknbit | D4: Independance Day Post Creation | E4: Independence Day posts using the event content. | F4: completed | G4: 0 | H4: 0 | I4: =G4+H4 | J4: 0.20833333 | K4: =IF(J4>=I4,"+","-")&TEXT(ABS(J4-I4),"[h]""h"" mm""m""")
A5: Wk2 10 Aug–16 Aug | B5: Atta Ul Mustafa Saad | C5: Neowall | D5: New Creatives for Ads for next month | E5: Next month's ad creatives. | F5: completed | G5: 0 | H5: 0 | I5: =G5+H5 | J5: 0.375 | K5: =IF(J5>=I5,"+","-")&TEXT(ABS(J5-I5),"[h]""h"" mm""m""")
A6: Wk2 10 Aug–16 Aug | B6: Atta Ul Mustafa Saad | C6: Titan Forge | D6: Social Media Design | E6: Profile and cover images for Facebook and Instagram. | F6: completed | G6: 0 | H6: 0 | I6: =G6+H6 | J6: 0.16666667 | K6: =IF(J6>=I6,"+","-")&TEXT(ABS(J6-I6),"[h]""h"" mm""m""")
A7: Wk2 10 Aug–16 Aug | B7: Yasir birlas | C7: Neowall | D7: Email Flows Design | E7: Designing automated marketing email sequences. | F7: completed | G7: 0 | H7: 0 | I7: =G7+H7 | J7: 0.10416667 | K7: =IF(J7>=I7,"+","-")&TEXT(ABS(J7-I7),"[h]""h"" mm""m""")
A8: Wk3 17 Aug–23 Aug | B8: Maaz Tareen | C8: MAQx | D8: Academix Mentor Content Bucket | E8: A reusable bank of Academix Mentor content ideas. | F8: completed | G8: 0 | H8: 0 | I8: =G8+H8 | J8: 0.16666667 | K8: =IF(J8>=I8,"+","-")&TEXT(ABS(J8-I8),"[h]""h"" mm""m""")
A9: Wk3 17 Aug–23 Aug | B9: Maaz Tareen | C9: MAQx | D9: Maqx Content Plan (for ads and posting) | E9: Planning MAQx content for ads and organic posting. | F9: review | G9: 0 | H9: 0 | I9: =G9+H9 | J9: 0.1875 | K9: =IF(J9>=I9,"+","-")&TEXT(ABS(J9-I9),"[h]""h"" mm""m""")
A10: Wk3 17 Aug–23 Aug | B10: Maaz Tareen | C10: MAQx | D10: Maqx Content bucket | E10: Building a reusable bank of MAQx content ideas. | F10: review | G10: 0 | H10: 0 | I10: =G10+H10 | J10: 0.27083333 | K10: =IF(J10>=I10,"+","-")&TEXT(ABS(J10-I10),"[h]""h"" mm""m""")
A11: Wk3 17 Aug–23 Aug | B11: Maaz Tareen | C11: MAQx | D11: Maqx Reel | E11: Producing a short video reel about IELTS. | F11: review | G11: 0 | H11: 0 | I11: =G11+H11 | J11: 0.10416667 | K11: =IF(J11>=I11,"+","-")&TEXT(ABS(J11-I11),"[h]""h"" mm""m""")
A12: Wk3 17 Aug–23 Aug | B12: Noor Shahid | C12: Titan Forge | D12: Google ad account setup | E12: Setting up the Google Ads account. | F12: completed | G12: 0 | H12: 0 | I12: =G12+H12 | J12: 0.083333333 | K12: =IF(J12>=I12,"+","-")&TEXT(ABS(J12-I12),"[h]""h"" mm""m""")
A13: Wk3 17 Aug–23 Aug | B13: Noor Shahid | C13: Titan Forge | D13: Tag Manger Tracking | E13: Tracking all website events via Tag Manager. | F13: completed | G13: 0 | H13: 0 | I13: =G13+H13 | J13: 0.083333333 | K13: =IF(J13>=I13,"+","-")&TEXT(ABS(J13-I13),"[h]""h"" mm""m""")
A14: Wk3 17 Aug–23 Aug | B14: Saif Ullah | C14: Neowall | D14: New Year | E14: New Year campaign pushing lower-selling products. | F14: backlog | G14: 0 | H14: 0 | I14: =G14+H14 | J14: 0 | K14: =IF(J14>=I14,"+","-")&TEXT(ABS(J14-I14),"[h]""h"" mm""m""")
A15: Wk4 24 Aug–30 Aug | B15: Atta Ul Mustafa Saad | C15: Linknbit | D15: 12 Rabi Ul Awal Post | E15: A 12 Rabi ul Awal post for Facebook, LinkedIn and Instagram. | F15: completed | G15: 0.079861111 | H15: 0.034722222 | I15: =G15+H15 | J15: 0.13541667 | K15: =IF(J15>=I15,"+","-")&TEXT(ABS(J15-I15),"[h]""h"" mm""m""")
... A37: Wk7 14 Sep–20 Sep | B37: Yasir birlas | C37: Greta Grove | D37: SEO Plan | E37: A research-based SEO plan for Greta Grove. | F37: review | G37: 0 | H37: 0.11458333 | I37: =G37+H37 | J37: 0.15625 | K37: =IF(J37>=I37,"+","-")&TEXT(ABS(J37-I37),"[h]""h"" mm""m""")
D38: TOTAL | G38: =SUM(G4:G37) | H38: =SUM(H4:H37) | I38: =SUM(I4:I37) | J38: =SUM(J4:J37) | K38: =IF(J38>=I38,"+","-")&TEXT(ABS(J38-I38),"[h]""h"" mm""m""")

Sheet Other Services
A1: Other Services — task detail by week
A3: Week | B3: Developer | C3: Project | D3: Task | E3: What it means (plain English) | F3: Status | G3: Timer h | H3: Manual h | I3: Timer total | J3: Standup h | K3: Difference
A4: Wk3 17 Aug–23 Aug | B4: Muhammad Yahya | C4: Builders Trade Depot | D4: Products Title Scraping | E4: Scraping 270 product titles from two supplier sites. | F4: approved | G4: 0.11319444 | H4: 0 | I4: =G4+H4 | J4: 0.083333333 | K4: =IF(J4>=I4,"+","-")&TEXT(ABS(J4-I4),"[h]""h"" mm""m""")
A5: Wk3 17 Aug–23 Aug | B5: Muhammad Yahya | C5: Builders Trade Depot | D5: Upload Taps related products on the website | E5: Uploading tap products into their correct subcategories. | F5: approved | G5: 0.37430556 | H5: 0.072916667 | I5: =G5+H5 | J5: 0.125 | K5: =IF(J5>=I5,"+","-")&TEXT(ABS(J5-I5),"[h]""h"" mm""m""")
A6: Wk3 17 Aug–23 Aug | B6: Sajawal Khan | C6: Builders Trade Depot | D6: Products Title Scraping | E6: Scraping 270 product titles from two supplier sites. | F6: approved | G6: 0 | H6: 0 | I6: =G6+H6 | J6: 0.20833333 | K6: =IF(J6>=I6,"+","-")&TEXT(ABS(J6-I6),"[h]""h"" mm""m""")
A7: Wk3 17 Aug–23 Aug | B7: Sajawal Khan | C7: Builders Trade Depot | D7: Upload Taps related products on the website | E7: Uploading tap products into their correct subcategories. | F7: approved | G7: 0.60277778 | H7: 0 | I7: =G7+H7 | J7: 0 | K7: =IF(J7>=I7,"+","-")&TEXT(ABS(J7-I7),"[h]""h"" mm""m""")
A8: Wk3 17 Aug–23 Aug | B8: Yasir birlas | C8: Bright Amber | D8: Cookie Audit and Consent Banner | E8: Auditing cookies and adding a compliant consent banner. | F8: review | G8: 0 | H8: 0 | I8: =G8+H8 | J8: 0.29166667 | K8: =IF(J8>=I8,"+","-")&TEXT(ABS(J8-I8),"[h]""h"" mm""m""")
A9: Wk3 17 Aug–23 Aug | B9: Yasir birlas | C9: Bright Amber | D9: SEO Amendments | E9: Making the SEO changes listed in the subtasks. | F9: completed | G9: 0 | H9: 0 | I9: =G9+H9 | J9: 0.29166667 | K9: =IF(J9>=I9,"+","-")&TEXT(ABS(J9-I9),"[h]""h"" mm""m""")
A10: Wk3 17 Aug–23 Aug | B10: Yasir birlas | C10: Linknbit | D10: SEO Plan for Linknbit Website | E10: Writing a full SEO plan for our own website. | F10: review | G10: 0 | H10: 0 | I10: =G10+H10 | J10: 0.25 | K10: =IF(J10>=I10,"+","-")&TEXT(ABS(J10-I10),"[h]""h"" mm""m""")
A11: Wk4 24 Aug–30 Aug | B11: Yasir birlas | C11: Linknbit | D11: Content creation for the website | E11: Writing SEO-focused website copy. | F11: blocked | G11: 0 | H11: 0 | I11: =G11+H11 | J11: 0.16666667 | K11: =IF(J11>=I11,"+","-")&TEXT(ABS(J11-I11),"[h]""h"" mm""m""")
A12: Wk4 24 Aug–30 Aug | B12: Yasir birlas | C12: Bright Amber | D12: SEO Amendments | E12: Making the SEO changes listed in the subtasks. | F12: completed | G12: 0 | H12: 0 | I12: =G12+H12 | J12: 0.041666667 | K12: =IF(J12>=I12,"+","-")&TEXT(ABS(J12-I12),"[h]""h"" mm""m""")
A13: Wk4 24 Aug–30 Aug | B13: Yasir birlas | C13: Linknbit | D13: SEO Plan for Linknbit Website | E13: Writing a full SEO plan for our own website. | F13: review | G13: 0 | H13: 0 | I13: =G13+H13 | J13: 0.083333333 | K13: =IF(J13>=I13,"+","-")&TEXT(ABS(J13-I13),"[h]""h"" mm""m""")
A14: Wk4 24 Aug–30 Aug | B14: Yasir birlas | C14: Rise of Burges | D14: Translate Meta Description | E14: Translating every page's meta description into Dutch. | F14: completed | G14: 0 | H14: 0 | I14: =G14+H14 | J14: 0.083333333 | K14: =IF(J14>=I14,"+","-")&TEXT(ABS(J14-I14),"[h]""h"" mm""m""")
A15: Wk4 24 Aug–30 Aug | B15: Yasir birlas | C15: Dansing Academy | D15: Website Amendments | E15: Making the website changes the client listed in a document. | F15: completed | G15: 0 | H15: 0 | I15: =G15+H15 | J15: 0.33333333 | K15: =IF(J15>=I15,"+","-")&TEXT(ABS(J15-I15),"[h]""h"" mm""m""")
... A22: Wk7 14 Sep–20 Sep | B22: Yasir birlas | C22: Starr Luxury Jets | D22: Pravite Charter Jet (How It Works) - CW | E22: Copy explaining the charter process to first-time flyers. | F22: backlog | G22: 0 | H22: 0.12847222 | I22: =G22+H22 | J22: 0 | K22: =IF(J22>=I22,"+","-")&TEXT(ABS(J22-I22),"[h]""h"" mm""m""")
D23: TOTAL | G23: =SUM(G4:G22) | H23: =SUM(H4:H22) | I23: =SUM(I4:I22) | J23: =SUM(J4:J22) | K23: =IF(J23>=I23,"+","-")&TEXT(ABS(J23-I23),"[h]""h"" mm""m""")

Sheet Unlinked Standup
A1: Unlinked Standup — task detail by week
A2: These standup entries were typed as free text with no task attached. 506.4 hours — 34% of all standup time. They cannot be checked against any timer, and they are the main reason the two sources disagree.
A4: Wk1 03 Aug–09 Aug | B4: Abbas Khan | C4: — | D4: Zedan | E4: General ongoing work on the Zedan shoe brand store. | F4: — | G4: 0 | H4: 0 | I4: =G4+H4 | J4: 1.2083333 | K4: =IF(J4>=I4,"+","-")&TEXT(ABS(J4-I4),"[h]""h"" mm""m""")
A5: Wk1 03 Aug–09 Aug | B5: Atta Ul Mustafa Saad | C5: — | D5: UV Sample book | E5: Producing the UV sample book artwork. | F5: — | G5: 0 | H5: 0 | I5: =G5+H5 | J5: 0.8125 | K5: =IF(J5>=I5,"+","-")&TEXT(ABS(J5-I5),"[h]""h"" mm""m""")
A6: Wk1 03 Aug–09 Aug | B6: Maaz Tareen | C6: — | D6: Zedan | E6: General ongoing work on the Zedan shoe brand store. | F6: — | G6: 0 | H6: 0 | I6: =G6+H6 | J6: 1.1979167 | K6: =IF(J6>=I6,"+","-")&TEXT(ABS(J6-I6),"[h]""h"" mm""m""")
A7: Wk1 03 Aug–09 Aug | B7: Muhammad Yahya | C7: — | D7: Zedan website Design & Dev | E7: Designing and building the Zedan website. | F7: — | G7: 0 | H7: 0 | I7: =G7+H7 | J7: 1.2916667 | K7: =IF(J7>=I7,"+","-")&TEXT(ABS(J7-I7),"[h]""h"" mm""m""")
A8: Wk1 03 Aug–09 Aug | B8: Sajawal Khan | C8: — | D8: Zedan website Design & Dev | E8: Designing and building the Zedan website. | F8: — | G8: 0 | H8: 0 | I8: =G8+H8 | J8: 0.9375 | K8: =IF(J8>=I8,"+","-")&TEXT(ABS(J8-I8),"[h]""h"" mm""m""")
A9: Wk1 03 Aug–09 Aug | B9: Yasir birlas | C9: — | D9: Neowall | E9: General ongoing work on the Neowall cladding website. | F9: — | G9: 0 | H9: 0 | I9: =G9+H9 | J9: 0.99652778 | K9: =IF(J9>=I9,"+","-")&TEXT(ABS(J9-I9),"[h]""h"" mm""m""")
A10: Wk1 03 Aug–09 Aug | B10: Zain Malik | C10: — | D10: Linknbit Portal | E10: Work on our own internal staff portal. | F10: — | G10: 0 | H10: 0 | I10: =G10+H10 | J10: 1 | K10: =IF(J10>=I10,"+","-")&TEXT(ABS(J10-I10),"[h]""h"" mm""m""")
A11: Wk1 03 Aug–09 Aug | B11: khizer hayat | C11: — | D11: Zedan website Design & Dev | E11: Designing and building the Zedan website. | F11: — | G11: 0 | H11: 0 | I11: =G11+H11 | J11: 0.45833333 | K11: =IF(J11>=I11,"+","-")&TEXT(ABS(J11-I11),"[h]""h"" mm""m""")
A12: Wk2 10 Aug–16 Aug | B12: Abbas Khan | C12: — | D12: Zedan | E12: General ongoing work on the Zedan shoe brand store. | F12: — | G12: 0 | H12: 0 | I12: =G12+H12 | J12: 0.25 | K12: =IF(J12>=I12,"+","-")&TEXT(ABS(J12-I12),"[h]""h"" mm""m""")
A13: Wk2 10 Aug–16 Aug | B13: Atta Ul Mustafa Saad | C13: — | D13: Linknbit | E13: General ongoing work on our own Linknbit brand and marketing. | F13: — | G13: 0 | H13: 0 | I13: =G13+H13 | J13: 0.16666667 | K13: =IF(J13>=I13,"+","-")&TEXT(ABS(J13-I13),"[h]""h"" mm""m""")
A14: Wk2 10 Aug–16 Aug | B14: Maaz Tareen | C14: — | D14: Zedan | E14: General ongoing work on the Zedan shoe brand store. | F14: — | G14: 0 | H14: 0 | I14: =G14+H14 | J14: 0.20833333 | K14: =IF(J14>=I14,"+","-")&TEXT(ABS(J14-I14),"[h]""h"" mm""m""")
A15: Wk2 10 Aug–16 Aug | B15: Muhammad Yahya | C15: — | D15: Zedan | E15: General ongoing work on the Zedan shoe brand store. | F15: — | G15: 0 | H15: 0 | I15: =G15+H15 | J15: 0.625 | K15: =IF(J15>=I15,"+","-")&TEXT(ABS(J15-I15),"[h]""h"" mm""m""")
... A41: Wk7 14 Sep–20 Sep | B41: Yasir birlas | C41: — | D41: Starr Luxury Jets | E41: General ongoing work for Starr Luxury Jets. | F41: — | G41: 0 | H41: 0 | I41: =G41+H41 | J41: 0.51388889 | K41: =IF(J41>=I41,"+","-")&TEXT(ABS(J41-I41),"[h]""h"" mm""m""")
D42: TOTAL | G42: =SUM(G4:G41) | H42: =SUM(H4:H41) | I42: =SUM(I4:I41) | J42: =SUM(J4:J41) | K42: =IF(J42>=I42,"+","-")&TEXT(ABS(J42-I42),"[h]""h"" mm""m""")
